Position,Company,Location,URL
화해 데이터 분석가(Data Scientist)의 전체 세부 정보,버드뷰,서울 마포구,https://kr.indeed.com/rc/clk?jk=6d2fac36713fe24b&fccid=ab4d16fa7d63885d&vjs=3
Data Scientist의 전체 세부 정보,크립토랩,서울 관악구,https://kr.indeed.com/rc/clk?jk=f3c0de04dc1565fd&fccid=047c0f3262cd48ec&vjs=3
[SDV] Data Scientist[연구원  책임연구원]의 전체 세부 정보,현대자동차그룹,서울 강남구,https://kr.indeed.com/rc/clk?jk=020aee8f471db6e8&fccid=980d6ecc399a3373&vjs=3
Data Scientist의 전체 세부 정보,주택,대전 유성구,https://kr.indeed.com/rc/clk?jk=8327a1900ba9e99f&fccid=7236a3f9fee6aec8&vjs=3
ML/DL Data Scientist[경력]의 전체 세부 정보,현대자동차그룹,서울 여의도,https://kr.indeed.com/rc/clk?jk=80d4df92bd3b714e&fccid=980d6ecc399a3373&vjs=3
[HYBE] 데이터사이언스팀장 (마케팅  Data Scientist)의 전체 세부 정보,하이브,서울 용산구,https://kr.indeed.com/rc/clk?jk=c625b7e248dfba8a&fccid=55c46c15186153ee&vjs=3
Data Scientist(팀 리드)의 전체 세부 정보,원프레딕트,서울 강남구,https://kr.indeed.com/rc/clk?jk=00b1d0aa5d9446ea&fccid=040ca1e837704319&vjs=3
[IQVIA] Data Scientist (Clinical Plan Analyst/대리)의 전체 세부 정보,한국아이큐비아,서울 중구,https://kr.indeed.com/rc/clk?jk=3914b6f3e8f672ff&fccid=d530b6b0b8a1a318&vjs=3
Data Scientist의 전체 세부 정보,띵스플로우,서울 성동구,https://kr.indeed.com/rc/clk?jk=5e8d7088376fa5b0&fccid=47cf40efd36aaca4&vjs=3
Data Scientist의 전체 세부 정보,Toss,서울,https://kr.indeed.com/rc/clk?jk=9cb8324539546a71&fccid=18c4935c8ec646d5&vjs=3
[국내그룹사] Data Scientist의 전체 세부 정보,퍼솔켈리코리아 유한회사,서울,https://kr.indeed.com/rc/clk?jk=4be8824b93ff444e&fccid=2c5b80eeab63070c&vjs=3
[선행기술원] AI Data Scientist[책임연구원]의 전체 세부 정보,현대자동차그룹,성남 판교역,https://kr.indeed.com/rc/clk?jk=227799b436907962&fccid=980d6ecc399a3373&vjs=3
Data Scientist - Signal Processing(전문연구요원 가능)의 전체 세부 정보,원프레딕트,서울 강남구,https://kr.indeed.com/rc/clk?jk=fdf2a91b8c6c04fb&fccid=040ca1e837704319&vjs=3
Data Scientist의 전체 세부 정��,Group W,경기도 평택,https://kr.indeed.com/rc/clk?jk=ed88bda8fc268967&fccid=2c256b2f161ce422&vjs=3
컨설팅부문 AI/DnA팀 (머신러닝/딥러닝) 컨설턴트 경력직의 전체 세부 정보,EY,서울 영등포구,https://kr.indeed.com/rc/clk?jk=e23f9f21c676e8a4&fccid=1544766d4c2915b0&vjs=3
(전문연지원가능) AI Research Scientist/Engineer의 전체 세부 정보,뷰노코리아,서울 서초구,https://kr.indeed.com/rc/clk?jk=046a884385bed3f8&fccid=282d63dcd74d554d&vjs=3
Research Scientist의 전체 세부 정보,Riiid Labs,서울,https://kr.indeed.com/rc/clk?jk=3d794e5c45b53dd1&fccid=933989f3b0ffe928&vjs=3
Quantitative Researcher의 전체 세부 정보,WorldQuant,서울,https://kr.indeed.com/rc/clk?jk=458545df0cbb4687&fccid=08487f979320ebae&vjs=3
Systems Engineer의 전체 세부 정보,KLA,충청북도 청주,https://kr.indeed.com/rc/clk?jk=319026bb5fe948ea&fccid=c8fc142c28286059&vjs=3
AI Researcher  Data scientist의 전체 세부 정보,(주)델타엑스 관심기업,서울 다동,https://kr.indeed.com/rc/clk?jk=cfe32cf1837c9155&fccid=3a22560566291d51&vjs=3
Machine Learning Research Scientist의 전체 세부 정보,Match Group,서울,https://kr.indeed.com/rc/clk?jk=e34f5574965acb04&fccid=47feb0effe4ed4f2&vjs=3
RGM Specialist (대리/과장급)의 전체 세부 정보,Kellogg Company,서울,https://kr.indeed.com/rc/clk?jk=6665a4ff7992d25e&fccid=431c8986bde76285&vjs=3
Research Scientist (NLP)의 전체 세부 정보,Riiid Labs,서울,https://kr.indeed.com/rc/clk?jk=572d286cf9191e45&fccid=933989f3b0ffe928&vjs=3
Applied Scientist의 전체 세부 정보,크립토랩,서울 관악구,https://kr.indeed.com/rc/clk?jk=1b3f070702f9a31c&fccid=047c0f3262cd48ec&vjs=3
경영혁신(Data Scientist) 분야 경력사원 채용의 전체 세부 정보,LX판토스,서울 종로구,https://kr.indeed.com/rc/clk?jk=f1e84504bd7d1201&fccid=38bcf43dc3fb0570&vjs=3
Data Scientist - Mid-Level의 전체 세부 정보,Celestar Corporation,대한민국,https://kr.indeed.com/rc/clk?jk=cc68a73a764f16ad&fccid=783ea33155cc05ef&vjs=3
컨설팅부문 DP팀 (비즈니스 설계 전문가) 컨설턴트 경력직의 전체 세부 정보,EY,서울 영등포구,https://kr.indeed.com/rc/clk?jk=2b17577bf6ab13cc&fccid=1544766d4c2915b0&vjs=3
Sales & Marketing Admin의 전체 세부 정보,Micromeritics Instrument Corporation,서울,https://kr.indeed.com/rc/clk?jk=36594e06ea6cc799&fccid=372c6aa26e4270eb&vjs=3
Staff  Data Scientist(Pricing Mapping)의 전체 세부 정보,Coupang,서울,https://kr.indeed.com/rc/clk?jk=0a06fe3053cc2c8d&fccid=56e12959d04ef145&vjs=3
Associate Scientist in Automation Assay Development의 전체 세부 정보,Curiox Biosystems,서울,https://kr.indeed.com/rc/clk?jk=3f4df94405ed9d93&fccid=c7af0233b45a1e9e&vjs=3
[해외취업] teamlab (チームラボ)데이터 사이언스 엔지니어 경력직/도쿄근무의 전체 세부 정보,포유스,서울 문정동,https://kr.indeed.com/rc/clk?jk=17e6a72ce4417e72&fccid=9fc4ae6d92249193&vjs=3
Senior Data Scientist의 전체 세부 정보,트릿지,서울 서초구,https://kr.indeed.com/rc/clk?jk=1dd41e306be68820&fccid=3de9f8561145bb08&vjs=3
Research Scientist - EEG의 전체 세부 정보,LVIS,서울,https://kr.indeed.com/rc/clk?jk=aa5de5ecc77b8514&fccid=4cdddccbee3cd15b&vjs=3
CX Lead  FBP의 전체 세부 정보,Chanel,서울,https://kr.indeed.com/rc/clk?jk=1132ff15f6e5a946&fccid=20f48cf7726b0510&vjs=3
Application Scientist (Advanced Cleans Technologies)의 전체 세부 정보,Dupont,경기도 화성,https://kr.indeed.com/rc/clk?jk=63cc76734b6eb7ad&fccid=76bce720eab9a7b0&vjs=3
인공지능(AI) Data Scientist 박사_경력직의 전체 세부 정보,Success Korea,대한민국,https://kr.indeed.com/rc/clk?jk=90931649aa643263&fccid=d29ddc820620b02e&vjs=3
Research Scientist (Graphics/C C++)  R&D의 전체 세부 정보,CLO Virtual Fashion,서울,https://kr.indeed.com/rc/clk?jk=720dc90f164f28b4&fccid=dca5e8b8952213a9&vjs=3
Customer Service Manager (CSM) 모집의 전체 세부 정보,Micromeritics Instrument Corporation,대전,https://kr.indeed.com/rc/clk?jk=369a518a2a6a46a8&fccid=372c6aa26e4270eb&vjs=3
WITec Applications Scientist의 전체 세부 정보,Oxford Instruments Plc,서울,https://kr.indeed.com/rc/clk?jk=75f8484a623068a8&fccid=a6a6cb08ca92cc4b&vjs=3
Senior Executive (대리)  Data Science의 전체 세부 정보,NielsenIQ,서울,https://kr.indeed.com/rc/clk?jk=5717b8f54d5f040f&fccid=c172deadb7fe7cb3&vjs=3
Field Applications Scientist II의 전체 세부 정보,Waters Corporation,서울,https://kr.indeed.com/rc/clk?jk=ae7a585f45f10c73&fccid=8ecf0a26bbadddb8&vjs=3
Algorithm Engineer의 전체 세부 정보,KLA,경기도 화성,https://kr.indeed.com/rc/clk?jk=c661e521344ddde6&fccid=c8fc142c28286059&vjs=3
Machine Learning Software Engineer의 전체 세부 정보,Match Group,서울,https://kr.indeed.com/rc/clk?jk=e420feaa9e846967&fccid=47feb0effe4ed4f2&vjs=3
(Seoul) Research Scientist · Lunit SCOPE - 전문연 가능의 전체 세부 정보,Lunit,서울,https://kr.indeed.com/rc/clk?jk=b6eb8fa7ddb8fa21&fccid=9fd48ddc5e331d0e&vjs=3
외국계 식음료 기업  Data Sr. Engineer 초빙의 전체 세부 정보,피플인사이트파트너스,서울,https://kr.indeed.com/rc/clk?jk=02d73b4854ca61ff&fccid=a31001a02d6d0ebe&vjs=3
Developer / Designer recruit의 전체 세부 정보,마이뮤직테이스트,서울 논현동,https://kr.indeed.com/rc/clk?jk=55a19c92c845685e&fccid=74d05cee5b52f133&vjs=3
디자이너/개발자의 전체 세부 정보,아트앤에셋,서울 종로구,https://kr.indeed.com/rc/clk?jk=60d4a0f6a842c172&fccid=a9a25e915af5f119&vjs=3
Staff Data Analyst (Eats Strategy)의 전체 세부 정보,Coupang,서울,https://kr.indeed.com/rc/clk?jk=a6ccd440c6c74b6a&fccid=56e12959d04ef145&vjs=3
Manager  Data Science의 전체 세부 정보,NielsenIQ,서울,https://kr.indeed.com/rc/clk?jk=ac2ca2b63c54dea9&fccid=c172deadb7fe7cb3&vjs=3
APP/웹 콘텐츠 기획자의 전체 세부 정보,아트앤에셋,서울 종로구,https://kr.indeed.com/rc/clk?jk=50a46393f706d73c&fccid=a9a25e915af5f119&vjs=3
Sr. Specialist Solutions Engineer의 전체 세부 정보,Databricks,서울,https://kr.indeed.com/rc/clk?jk=816218a99d08da2b&fccid=3d0f7ba22a49432f&vjs=3
(Global) Research Scientist · Lunit INSIGHT - Medical Image Analysis의 전체 세부 정보,Lunit,서울,https://kr.indeed.com/rc/clk?jk=31dae4b620932672&fccid=9fd48ddc5e331d0e&vjs=3
Application Engineer의 전체 세부 정보,KLA,경기도 화성,https://kr.indeed.com/rc/clk?jk=17c01765da7cc189&fccid=c8fc142c28286059&vjs=3
Software Engineer Frontend의 전체 세부 정보,트릿지,서울 방배동,https://kr.indeed.com/rc/clk?jk=81a8f57d42d40e54&fccid=3de9f8561145bb08&vjs=3
Customer Facing Data Scientist의 전체 세부 정보,Ever Better Recruitment (EBR),서울,https://kr.indeed.com/rc/clk?jk=b06176c3a7092e0a&fccid=9b6ff59cc37595d0&vjs=3
MR Collaboration Scientist의 전체 세부 정보,Siemens Healthineers,부산광역시,https://kr.indeed.com/rc/clk?jk=f011f0b278e697aa&fccid=c5679bf29a1db253&vjs=3
(Global) Senior Research Scientist의 전체 세부 정보,Lunit,서울,https://kr.indeed.com/rc/clk?jk=bd76836eb94f7b38&fccid=9fd48ddc5e331d0e&vjs=3
Sr Medical Director  Korea의 전체 세부 정보,Syneos Health Clinical,None,https://kr.indeed.com/rc/clk?jk=9e504ee54e8f941b&fccid=772a1485bbbe4156&vjs=3
